country,year,happiness,freedom
Afghanistan,2008,3.723589897,0.718114316
Afghanistan,2009,4.401778221,0.678896368
Afghanistan,2010,4.75838089,0.60012722
Afghanistan,2011,3.83171916,0.495901406
Afghanistan,2012,3.782937527,0.530935049
Afghanistan,2013,3.572100401,0.577955365
Afghanistan,2014,3.130895615,0.508514047
Afghanistan,2015,3.982854605,0.388927579
Afghanistan,2016,4.220168591,0.522566199
Afghanistan,2017,2.66171813,0.427010864
Albania,2007,4.634251595,0.528604746
Albania,2009,5.485469818,0.525223255
Albania,2010,5.268936634,0.568958402
Albania,2011,5.867421627,0.487496257
Albania,2012,5.510124207,0.601512134
Albania,2013,4.550647736,0.631830275
Albania,2014,4.813763142,0.734648407
Albania,2015,4.606650829,0.703850687
Albania,2016,4.511100769,0.72981894
Albania,2017,4.639548302,0.74961102
Algeria,2010,5.46356678,0.592695832
Algeria,2011,5.317194462,0.529561281
Algeria,2012,5.604595661,0.586663485
Algeria,2014,6.354898453,
Algeria,2016,5.340853691,
Algeria,2017,5.248912334,0.436670482
Angola,2011,5.589000702,0.583701789
Angola,2012,4.360249996,0.456028581
Angola,2013,3.937106848,0.409554869
Angola,2014,3.794837952,0.374541551
Argentina,2006,6.312925339,0.733003676
Argentina,2007,6.073158264,0.652832627
Argentina,2008,5.961034298,0.678222179
Argentina,2009,6.424133301,0.63664645
Argentina,2010,6.441067219,0.730258167
Argentina,2011,6.775805473,0.815802038
Argentina,2012,6.468387127,0.747498393
Argentina,2013,6.582260132,0.737250388
Argentina,2014,6.671114445,0.745057762
Argentina,2015,6.69713068,0.881223679
Argentina,2016,6.427221298,0.847702205
Argentina,2017,6.039330006,0.831966162
Armenia,2006,4.289310932,0.520197809
Armenia,2007,4.881515503,0.605410755
Armenia,2008,4.651972294,0.462156564
Armenia,2009,4.177581787,0.441412747
Armenia,2010,4.367811203,0.459256709
Armenia,2011,4.260491371,0.464524716
Armenia,2012,4.319711685,0.501863778
Armenia,2013,4.277191162,0.504081845
Armenia,2014,4.453083038,0.506487131
Armenia,2015,4.34831953,0.551026642
Armenia,2016,4.325471878,0.610986948
Armenia,2017,4.287736416,0.613697052
Australia,2005,7.340688229,0.9349733
Australia,2007,7.285390854,0.890681982
Australia,2008,7.253757477,0.915733337
Australia,2010,7.450047016,0.932058573
Australia,2011,7.405616283,0.944586456
Australia,2012,7.195585728,0.935146272
Australia,2013,7.364169121,0.933379173
Australia,2014,7.288550377,0.922932267
Australia,2015,7.309060574,0.921871006
Australia,2016,7.250080109,0.922315717
Australia,2017,7.25703764,0.910550177
Austria,2006,7.122211456,0.941382349
Austria,2008,7.180953979,0.879069269
Austria,2010,7.302678585,0.895979762
Austria,2011,7.470512867,0.939355612
Austria,2012,7.400688648,0.919703901
Austria,2013,7.498802662,0.921734452
Austria,2014,6.949999809,0.885026872
Austria,2015,7.07644701,0.900305152
Austria,2016,7.048071861,0.888513982
Austria,2017,7.293727875,0.890030563
Azerbaijan,2006,4.727870941,0.771528184
Azerbaijan,2007,4.56815958,0.522046328
Azerbaijan,2008,4.817189217,0.601043284
Azerbaijan,2009,4.573725224,0.498138398
Azerbaijan,2010,4.218610764,0.501071095
Azerbaijan,2011,4.680469513,0.537484288
Azerbaijan,2012,4.910771847,0.598859072
Azerbaijan,2013,5.481178284,0.671956956
Azerbaijan,2014,5.25153017,0.732772946
Azerbaijan,2015,5.146774769,0.764289498
Azerbaijan,2016,5.303894997,0.712573171
Azerbaijan,2017,5.152279377,0.731030464
Bahrain,2009,5.700523376,0.895931423
Bahrain,2010,5.936869144,0.862002909
Bahrain,2011,4.82397604,0.869870365
Bahrain,2012,5.027186871,0.681822896
Bahrain,2013,6.689711094,0.809205949
Bahrain,2014,6.165133953,
Bahrain,2015,6.00737524,0.84952116
Bahrain,2016,6.169673443,0.888691068
Bahrain,2017,6.227320671,0.905858517
Bangladesh,2006,4.318909168,0.611664236
Bangladesh,2007,4.607322216,0.604538321
Bangladesh,2008,5.052278519,0.606012166
Bangladesh,2009,5.08285141,0.630931079
Bangladesh,2010,4.858481407,0.659005642
Bangladesh,2011,4.985649109,0.83799535
Bangladesh,2012,4.724443913,0.66768229
Bangladesh,2013,4.660161018,0.741518021
Bangladesh,2014,4.635564804,0.735512853
Bangladesh,2015,4.633473873,0.814796269
Bangladesh,2016,4.5561409,0.874700487
Bangladesh,2017,4.309771061,0.896217167
Belarus,2006,5.657649994,0.707080483
Belarus,2007,5.616976261,0.667299509
Belarus,2008,5.463332176,0.639923871
Belarus,2009,5.56413126,0.679292619
Belarus,2010,5.525923252,0.700064421
Belarus,2011,5.225307941,0.656010866
Belarus,2012,5.749043465,0.64524883
Belarus,2013,5.876466274,0.723431289
Belarus,2014,5.812400818,0.647184551
Belarus,2015,5.718907833,0.622753441
Belarus,2016,5.177899361,0.658228815
Belarus,2017,5.552915096,0.620979249
Belgium,2005,7.262290478,0.923843026
Belgium,2007,7.218839645,0.900870383
Belgium,2008,7.116590977,0.887026727
Belgium,2010,6.853514194,0.806930244
Belgium,2011,7.111363888,0.880153596
Belgium,2012,6.935122013,0.855266631
Belgium,2013,7.10366106,0.890711069
Belgium,2014,6.855329037,0.86095351
Belgium,2015,6.904219151,0.869474947
Belgium,2016,6.948936462,0.865759015
Belgium,2017,6.928347588,0.856801987
Belize,2007,6.450644493,0.705305934
Belize,2014,5.955646515,0.873569071
Benin,2006,3.329801559,0.580069304
Benin,2008,3.66713953,0.709476948
Benin,2011,3.870279551,0.772918761
Benin,2012,3.193468809,0.768971086
Benin,2013,3.479412794,0.783240497
Benin,2014,3.347419262,0.775545776
Benin,2015,3.624664307,0.733383596
Benin,2016,4.007357597,0.779795229
Benin,2017,4.853180885,0.72680825
Bhutan,2013,5.569091797,0.810201466
Bhutan,2014,4.938578129,0.834222496
Bhutan,2015,5.082128525,0.83010155
Bolivia,2006,5.373986244,0.770134747
Bolivia,2007,5.628419399,0.779935241
Bolivia,2008,5.297872543,0.725619733
Bolivia,2009,6.085579395,0.778938591
Bolivia,2010,5.780620098,0.703341067
Bolivia,2011,5.778874397,0.781673729
Bolivia,2012,6.018894672,0.86237967
Bolivia,2013,5.767428875,0.845931649
Bolivia,2014,5.864798546,0.881058872
Bolivia,2015,5.834329128,0.88362509
Bolivia,2016,5.769723415,0.881748736
Bolivia,2017,5.65055275,0.883904934
Bosnia and Herzegovina,2007,4.899806976,0.341565669
Bosnia and Herzegovina,2009,4.963477135,0.257533818
Bosnia and Herzegovina,2010,4.66851759,0.364966899
Bosnia and Herzegovina,2011,4.994670868,0.333312094
Bosnia and Herzegovina,2012,4.773144722,0.419789314
Bosnia and Herzegovina,2013,5.123664379,0.39034158
Bosnia and Herzegovina,2014,5.248954296,0.411937386
Bosnia and Herzegovina,2015,5.117177963,0.630698025
Bosnia and Herzegovina,2016,5.180865288,0.633453727
Bosnia and Herzegovina,2017,5.089902401,0.563798666
Botswana,2006,4.739367008,0.823774636
Botswana,2008,5.451147079,0.857776403
Botswana,2010,3.553020239,0.82621938
Botswana,2011,3.519921064,0.812514067
Botswana,2012,4.835938931,0.799410224
Botswana,2013,4.128298759,0.767357409
Botswana,2014,4.031197071,0.791371226
Botswana,2015,3.761964798,0.857168913
Botswana,2016,3.498936653,0.851694882
Botswana,2017,3.504881144,0.817308009
Brazil,2005,6.636771202,0.882186115
Brazil,2007,6.320672989,0.776644826
Brazil,2008,6.691424847,0.781931102
Brazil,2009,7.000831604,0.766716063
Brazil,2010,6.837331295,0.805949271
Brazil,2011,7.037816525,0.833655775
Brazil,2012,6.660003662,0.848606348
Brazil,2013,7.140282631,0.784814954
Brazil,2014,6.980998993,0.713814318
Brazil,2015,6.546896935,0.798935294
Brazil,2016,6.374817371,0.806571543
Brazil,2017,6.332929134,0.764792562
Bulgaria,2007,3.843797922,0.5657866
Bulgaria,2010,3.912276268,0.544536412
Bulgaria,2011,3.875382423,0.663527906
Bulgaria,2012,4.222297192,0.641256452
Bulgaria,2013,3.993020535,0.60321337
Bulgaria,2014,4.438439846,0.575595915
Bulgaria,2015,4.865401268,0.636817813
Bulgaria,2016,4.837560654,0.700265527
Bulgaria,2017,5.096901894,0.689047039
Burkina Faso,2006,3.801490784,0.588338017
Burkina Faso,2007,4.017130375,0.582292378
Burkina Faso,2008,3.846438885,0.612064183
Burkina Faso,2010,4.035560608,0.586580753
Burkina Faso,2011,4.785367489,0.724568486
Burkina Faso,2012,3.95500803,0.621848702
Burkina Faso,2013,3.325949669,0.741257429
Burkina Faso,2014,3.481347799,0.709964514
Burkina Faso,2015,4.418930054,0.659102738
Burkina Faso,2016,4.205634594,0.644681513
Burkina Faso,2017,4.646891117,0.613774717
Burundi,2008,3.563227654,0.260069311
Burundi,2009,3.791680813,0.427355915
Burundi,2011,3.705894232,0.489863038
Burundi,2014,2.904535055,0.431384981
Cambodia,2006,3.568744659,
Cambodia,2007,4.15597105,0.818699539
Cambodia,2008,4.462163925,0.914172947
Cambodia,2009,4.110625744,0.937233329
Cambodia,2010,4.141072273,0.940131187
Cambodia,2011,4.161225319,0.927462399
Cambodia,2012,3.898706913,0.955595791
Cambodia,2013,3.674466848,0.940592945
Cambodia,2014,3.88330555,0.937544584
Cambodia,2015,4.162164688,0.956319809
Cambodia,2016,4.461259365,0.957821488
Cambodia,2017,4.585842133,0.963774681
Cameroon,2006,3.851072073,0.653422654
Cameroon,2007,4.349939346,0.643883944
Cameroon,2008,4.291800499,0.580257237
Cameroon,2009,4.741408348,0.698030412
Cameroon,2010,4.554256916,0.792220175
Cameroon,2011,4.433885098,0.816693783
Cameroon,2012,4.244634151,0.766064227
Cameroon,2013,4.271038055,0.794075966
Cameroon,2014,4.240441322,0.794645548
Cameroon,2015,5.037964821,0.791428566
Cameroon,2016,4.816232204,0.71250701
Cameroon,2017,5.07405138,0.766945004
Canada,2005,7.418048382,0.957306266
Canada,2007,7.481752872,0.930341303
Canada,2008,7.485603809,0.92631495
Canada,2009,7.48782444,0.915057838
Canada,2010,7.650346279,0.933948815
Canada,2011,7.426053524,0.950925291
Canada,2012,7.415144444,0.917961121
Canada,2013,7.593793869,0.916013896
Canada,2014,7.30425787,0.93889761
Canada,2015,7.412772655,0.931468964
Canada,2016,7.244845867,0.912423909
Central African Republic,2007,4.160129547,0.662871003
Central African Republic,2010,3.567892551,0.689950883
Central African Republic,2011,3.677826405,0.780017793
Central African Republic,2016,2.693061113,0.624056518
Central African Republic,2017,3.475862026,0.645252347
Chad,2006,3.434800625,0.306131899
Chad,2007,4.141326904,0.294611782
Chad,2008,4.632468224,0.526610374
Chad,2009,3.639445066,0.401370287
Chad,2010,3.742871046,0.504612565
Chad,2011,4.393482208,0.540267944
Chad,2012,4.03297472,0.562908113
Chad,2013,3.507663012,0.48821035
Chad,2014,3.460182905,0.566795349
Chad,2015,4.322675228,0.474360883
Chad,2016,4.029350281,0.525222123
Chad,2017,4.558937073,0.614849687
Chile,2006,6.062851906,0.744291902
Chile,2007,5.697929859,0.66190511
Chile,2008,5.789438725,0.640201688
Chile,2009,6.493686199,0.746614039
Chile,2010,6.63565588,0.786367476
Chile,2011,6.526334763,0.700734138
Chile,2012,6.599128723,0.733610928
Chile,2013,6.74015379,0.736887336
Chile,2014,6.844238281,0.733326375
Chile,2015,6.532749653,0.76888144
Chile,2016,6.579056263,0.652289748
Chile,2017,6.320119381,0.790116489
China,2006,4.560495377,
China,2007,4.86286211,
China,2008,4.84629488,0.853072047
China,2009,4.454360962,0.771143258
China,2010,4.652736664,0.804793596
China,2011,5.037207603,0.824162364
China,2012,5.094917297,0.808255136
China,2013,5.241090298,0.804723918
China,2014,5.195619106,
China,2015,5.303877831,
China,2016,5.32495594,
China,2017,5.099061489,0.877617598
Colombia,2006,6.024942875,0.80466181
Colombia,2007,6.138411522,0.785865963
Colombia,2008,6.168395042,0.795083821
Colombia,2009,6.271604538,0.757100701
Colombia,2010,6.40811348,0.816121101
Colombia,2011,6.463952541,0.810907423
Colombia,2012,6.374879837,0.827868104
Colombia,2013,6.606550694,0.841173172
Colombia,2014,6.44878912,0.801191449
Colombia,2015,6.387571812,0.790897965
Colombia,2016,6.233715057,0.834966123
Colombia,2017,6.157341957,0.837554634
Comoros,2009,3.47602725,0.507845283
Comoros,2010,3.81219101,0.528675258
Comoros,2011,3.838485956,0.499673873
Comoros,2012,3.955640316,0.534040928
Congo (Brazzaville),2008,3.819792271,0.525746763
Congo (Brazzaville),2011,4.509824276,0.744807184
Congo (Brazzaville),2012,3.919341803,0.772510767
Congo (Brazzaville),2013,3.954950571,0.725815654
Congo (Brazzaville),2014,4.05601263,0.661638141
Congo (Brazzaville),2015,4.690830231,0.85017246
Congo (Brazzaville),2016,4.119493484,0.785906553
Congo (Brazzaville),2017,4.883991241,0.777783453
Congo (Kinshasa),2009,3.983848572,0.55648756
Congo (Kinshasa),2011,4.516963959,0.631108582
Congo (Kinshasa),2012,4.63922739,0.557286203
Congo (Kinshasa),2013,4.497477055,0.480394155
Congo (Kinshasa),2014,4.414299965,0.556099296
Congo (Kinshasa),2015,3.902741671,0.573763788
Congo (Kinshasa),2016,4.521935463,0.637366712
Congo (Kinshasa),2017,4.311033249,0.704239547
Costa Rica,2006,7.082465172,0.882419884
Costa Rica,2007,7.432132244,0.922735691
Costa Rica,2008,6.850679874,0.912005961
Costa Rica,2009,7.614928722,0.886061072
Costa Rica,2010,7.271053791,0.881029606
Costa Rica,2011,7.228888512,0.926105797
Costa Rica,2012,7.272250175,0.92891407
Costa Rica,2013,7.158000469,0.897879303
Costa Rica,2014,7.247086048,0.926707387
Costa Rica,2015,6.854004383,0.906925678
Costa Rica,2016,7.135617733,0.872971952
Costa Rica,2017,7.22518158,0.93561846
Croatia,2007,5.820907593,0.662205756
Croatia,2009,5.433319569,0.549258351
Croatia,2010,5.595575333,0.564372659
Croatia,2011,5.385372639,0.516932428
Croatia,2012,6.027634621,0.541909754
Croatia,2013,5.885462761,0.626699686
Croatia,2014,5.380692482,0.518878043
Croatia,2015,5.205438137,0.693523049
Croatia,2016,5.416875362,0.671970546
Croatia,2017,5.343165874,0.715822279
Cuba,2006,5.417868614,0.281457931
Cyprus,2006,6.237958431,0.836101174
Cyprus,2009,6.833477497,0.774590671
Cyprus,2010,6.386546135,0.755362809
Cyprus,2011,6.689608574,0.745468855
Cyprus,2012,6.180507183,0.724629581
Cyprus,2013,5.438952446,0.656267941
Cyprus,2014,5.627123833,0.715065658
Cyprus,2015,5.439161301,0.62803483
Cyprus,2016,5.794618607,0.756220996
Cyprus,2017,6.062051296,0.811670661
Czech Republic,2005,6.439256668,0.865234971
Czech Republic,2007,6.500194073,0.798949361
Czech Republic,2010,6.249617577,0.77911222
Czech Republic,2011,6.331490993,0.787180007
Czech Republic,2012,6.334149361,0.739808738
Czech Republic,2013,6.697655678,0.725945652
Czech Republic,2014,6.483729839,0.800421
Czech Republic,2015,6.608017445,0.808484197
Czech Republic,2016,6.735627174,0.850328267
Czech Republic,2017,6.789567947,0.8317855
Denmark,2005,8.01893425,0.97113502
Denmark,2007,7.834233284,0.932086229
Denmark,2008,7.970891953,0.969788373
Denmark,2009,7.683358669,0.949335575
Denmark,2010,7.770515442,0.943630815
Denmark,2011,7.78823185,0.934760153
Denmark,2012,7.519909382,0.932627916
Denmark,2013,7.588606834,0.920254648
Denmark,2014,7.507559299,0.941572249
Denmark,2015,7.514424801,0.94143641
Denmark,2016,7.55778265,0.948230565
Denmark,2017,7.593702316,0.955416322
Djibouti,2008,5.009330273,0.773456693
Djibouti,2009,4.905925274,0.649316013
Djibouti,2010,5.005810738,0.763730347
Djibouti,2011,4.369193554,0.746439457
Dominican Republic,2006,5.087967873,0.858241439
Dominican Republic,2007,5.081305981,0.886246681
Dominican Republic,2008,4.84230566,0.848116636
Dominican Republic,2009,5.431613922,0.862979472
Dominican Republic,2010,4.735021114,0.823902845
Dominican Republic,2011,5.396535397,0.847975314
Dominican Republic,2012,4.753311157,0.840129375
Dominican Republic,2013,5.015515327,0.888566077
Dominican Republic,2014,5.387331963,0.904574394
Dominican Republic,2015,5.061862469,0.856025338
Dominican Republic,2016,5.238698483,0.872712433
Dominican Republic,2017,5.605202675,0.855359018
Ecuador,2006,5.02419138,0.671074986
Ecuador,2007,4.995875359,0.669843376
Ecuador,2008,5.296513081,0.640317261
Ecuador,2009,6.021803379,0.736880839
Ecuador,2010,5.838051319,0.723079085
Ecuador,2011,5.795088291,0.7883057
Ecuador,2012,5.960716248,0.825275123
Ecuador,2013,6.019206047,0.78679812
Ecuador,2014,5.945851803,0.719104826
Ecuador,2015,5.964075089,0.800870478
Ecuador,2016,6.115437508,0.846336305
Ecuador,2017,5.839518547,0.879128158
Egypt,2005,5.167754173,0.81736201
Egypt,2007,5.540510654,0.609076858
Egypt,2008,4.631741047,
Egypt,2009,5.066164494,0.611082554
Egypt,2010,4.668916225,0.486279041
Egypt,2011,4.174158573,0.589537799
Egypt,2012,4.204156876,0.451543361
Egypt,2013,3.558520317,0.473774552
Egypt,2014,4.885072708,0.577937961
Egypt,2015,4.762538433,0.659261465
Egypt,2016,4.556740761,0.655845225
Egypt,2017,3.929344177,0.592504799
El Salvador,2006,5.700929642,0.682989538
El Salvador,2007,5.295535088,0.638936818
El Salvador,2008,5.191493988,0.635648251
El Salvador,2009,6.839087009,0.670932412
El Salvador,2010,6.739911079,0.669337869
El Salvador,2011,4.741294861,0.747246385
El Salvador,2012,5.934371471,0.682744801
El Salvador,2013,6.325063229,0.71557045
El Salvador,2014,5.856523514,0.77801466
El Salvador,2015,6.018496037,0.733355939
El Salvador,2016,6.139824867,0.799847007
El Salvador,2017,6.339318275,0.757827342
Estonia,2006,5.371054649,0.748576343
Estonia,2007,5.332044125,0.712120891
Estonia,2008,5.451937675,0.642325103
Estonia,2009,5.137738705,0.61070931
Estonia,2011,5.486819744,0.735225379
Estonia,2012,5.363927841,0.696825743
Estonia,2013,5.367445946,0.753558695
Estonia,2014,5.55598259,0.773327112
Estonia,2015,5.628908634,0.814692378
Estonia,2016,5.649675369,0.842770696
Estonia,2017,5.938395977,0.861749232
Ethiopia,2012,4.561168671,0.776308239
Ethiopia,2013,4.44482708,0.706796229
Ethiopia,2014,4.506646633,0.693558931
Ethiopia,2015,4.573154926,0.802642584
Ethiopia,2016,4.297848701,0.744307697
Ethiopia,2017,4.180315495,0.717101216
Finland,2006,7.672449112,0.968580484
Finland,2008,7.67062664,0.934178948
Finland,2010,7.393264294,0.916009128
Finland,2011,7.354225159,0.936448395
Finland,2012,7.420209408,0.920968115
Finland,2013,7.444635868,0.918625355
Finland,2014,7.384571075,0.933043957
Finland,2015,7.447925568,0.929861903
Finland,2016,7.659843445,0.948372185
Finland,2017,7.788251877,0.962198973
France,2005,7.093392849,0.89481926
France,2006,6.582700253,0.789120734
France,2008,7.008064747,0.833327115
France,2009,6.283498287,0.798213184
France,2010,6.797901154,0.849702179
France,2011,6.959185123,0.903366625
France,2012,6.649365425,0.841320336
France,2013,6.66712141,0.877795756
France,2014,6.466867924,0.803474188
France,2015,6.357625008,0.817036211
France,2016,6.475208759,0.786780477
France,2017,6.635222435,0.83389014
Gabon,2011,4.255400658,0.771871924
Gabon,2012,3.97205925,0.565965831
Gabon,2013,3.800287008,0.68249011
Gabon,2014,3.918073177,0.606613815
Gabon,2015,4.66101265,0.671300709
Gabon,2016,4.831764221,0.698942363
Gabon,2017,4.782382965,0.652359545
Georgia,2006,3.675108433,0.552592635
Georgia,2007,3.707194567,0.463722527
Georgia,2008,4.15609026,0.6139974
Georgia,2009,3.800639153,0.495314002
Georgia,2010,4.101837158,0.557857931
Georgia,2011,4.203030586,0.632464528
Georgia,2012,4.254445553,0.65872401
Georgia,2013,4.348920822,0.722127616
Georgia,2014,4.287508011,0.71978116
Georgia,2015,4.121940613,0.639944971
Georgia,2016,4.448386192,0.606468379
Georgia,2017,4.45077467,0.820908785
Germany,2005,6.619549751,0.846623778
Germany,2007,6.416819572,0.800878227
Germany,2008,6.521790028,0.765556991
Germany,2009,6.64149332,0.843784511
Germany,2010,6.724531174,0.842656434
Germany,2011,6.621312141,0.906293273
Germany,2012,6.702362061,0.904440463
Germany,2013,6.965125084,0.894312978
Germany,2014,6.984214306,0.898683429
Germany,2015,7.037137508,0.889428854
Germany,2016,6.873763084,0.870515049
Germany,2017,7.074324608,0.840727866
Ghana,2006,4.535019875,0.849283397
Ghana,2007,5.220148087,0.891153276
Ghana,2008,4.965134621,0.838006318
Ghana,2009,4.197695732,0.75747776
Ghana,2010,4.606251717,0.891129911
Ghana,2011,5.608199596,0.851896167
Ghana,2012,5.057261944,0.679418445
Ghana,2013,4.965053082,0.793793738
Ghana,2014,3.860351086,0.676916063
Ghana,2015,3.985916138,0.852016151
Ghana,2016,4.514411449,0.75116837
Ghana,2017,5.481310844,0.783046365
Greece,2005,6.006309986,0.734171808
Greece,2007,6.646961212,0.575308859
Greece,2009,6.038574696,0.443107843
Greece,2010,5.839558601,0.484110981
Greece,2011,5.372039795,0.528125942
Greece,2012,5.096354008,0.37261042
Greece,2013,4.720251083,0.425966531
Greece,2014,4.75623703,0.369156331
Greece,2015,5.622519016,0.531736314
Greece,2016,5.302619457,0.481616855
Greece,2017,5.14824152,0.438300014
Guatemala,2006,5.901429176,0.663381696
Guatemala,2007,6.329581261,0.627586961
Guatemala,2008,6.414494514,0.630151749
Guatemala,2009,6.451916218,0.643478751
Guatemala,2010,6.289748669,0.695862949
Guatemala,2011,5.743353844,0.762963116
Guatemala,2012,5.855717182,0.865472019
Guatemala,2013,5.984601498,0.88400501
Guatemala,2014,6.536030769,0.843398929
Guatemala,2015,6.464986801,0.868639767
Guatemala,2016,6.358916283,0.862675726
Guatemala,2017,6.325118542,0.914521694
Guinea,2011,4.044569492,0.796830237
Guinea,2012,3.651554823,0.646187842
Guinea,2013,3.901793003,0.692736626
Guinea,2014,3.4124825,0.68355757
Guinea,2015,3.504693508,0.66595304
Guinea,2016,3.602854729,0.725685179
Guinea,2017,4.873722553,0.738212824
Guyana,2007,5.992826462,0.694005668
Haiti,2006,3.754156113,0.449474722
Haiti,2008,3.846329212,0.464970648
Haiti,2010,3.76599884,0.372941315
Haiti,2011,4.844573975,0.412587792
Haiti,2012,4.413475037,0.482485861
Haiti,2013,4.62196207,0.610410035
Haiti,2014,3.888778448,0.508805454
Haiti,2015,3.569762468,0.398295492
Haiti,2016,3.352300167,0.303540409
Haiti,2017,3.823865652,0.484429151
Honduras,2006,5.396519661,0.650253594
Honduras,2007,5.09715414,0.675630987
Honduras,2008,5.420331001,0.686880887
Honduras,2009,6.033189297,0.661202788
Honduras,2010,5.866131306,0.645528495
Honduras,2011,4.961031437,0.783369064
Honduras,2012,4.602218151,0.700452089
Honduras,2013,4.713358402,0.698400378
Honduras,2014,5.055726051,0.695982575
Honduras,2015,4.845436573,0.534057677
Honduras,2016,5.648154736,0.850046694
Honduras,2017,6.019985676,0.898377419
Hong Kong S.A.R. of China,2006,5.511187077,0.90982008
Hong Kong S.A.R. of China,2008,5.137261868,0.922211289
Hong Kong S.A.R. of China,2009,5.397055626,0.918026328
Hong Kong S.A.R. of China,2010,5.642834663,0.890417695
Hong Kong S.A.R. of China,2011,5.474010944,0.894330144
Hong Kong S.A.R. of China,2012,5.483764648,0.879752457
Hong Kong S.A.R. of China,2014,5.458050728,0.843082368
Hong Kong S.A.R. of China,2016,5.498420715,0.799743414
Hong Kong S.A.R. of China,2017,5.362474918,0.830657244
Hungary,2005,5.193933487,0.696874499
Hungary,2007,4.953917027,0.538498104
Hungary,2009,4.894600391,0.464373112
Hungary,2010,4.725132465,0.513835371
Hungary,2011,4.917602539,0.631100118
Hungary,2012,4.683358192,0.56923151
Hungary,2013,4.914466858,0.673728287
Hungary,2014,5.18056345,0.494474709
Hungary,2015,5.34438324,0.557721376
Hungary,2016,5.448901653,0.55395174
Hungary,2017,6.065038681,0.661165953
Iceland,2008,6.888284206,0.885196149
Iceland,2012,7.590660095,0.904654503
Iceland,2013,7.501394272,0.9232077
Iceland,2015,7.498070717,0.94048512
Iceland,2016,7.510034561,0.951609552
Iceland,2017,7.476213932,0.938783288
India,2006,5.348258972,0.773737073
India,2007,5.02679348,0.728892624
India,2008,5.145833015,0.755839646
India,2009,4.521517754,0.678643644
India,2010,4.989277363,0.783060372
India,2011,4.634871483,0.837551653
India,2012,4.720146656,0.609320104
India,2013,4.427788734,0.740176618
India,2014,4.424379349,0.809382915
India,2015,4.342079163,0.777225256
India,2016,4.179177284,0.820068777
India,2017,4.046111107,0.88585043
Indonesia,2006,4.946978092,0.713171124
Indonesia,2007,5.101213932,0.603260338
Indonesia,2008,4.815309525,0.595633388
Indonesia,2009,5.472361088,0.783792853
Indonesia,2010,5.457299232,0.699657559
Indonesia,2011,5.172608376,0.878287196
Indonesia,2012,5.36777401,0.770319343
Indonesia,2013,5.292237759,0.780690789
Indonesia,2014,5.597375393,0.71941328
Indonesia,2015,5.04279995,0.779418349
Indonesia,2016,5.136325359,0.82994163
Indonesia,2017,5.098401546,0.865026295
Iran,2005,5.308190346,0.651167691
Iran,2007,5.336371422,0.532619894
Iran,2008,5.128988266,0.601222098
Iran,2011,4.767507076,0.797573686
Iran,2012,4.608927727,0.764418423
Iran,2013,5.139579296,0.730214715
Iran,2014,4.682224274,0.766822994
Iran,2015,4.749955654,0.780383229
Iran,2016,4.652730942,0.773303747
Iran,2017,4.716783047,0.730635166
Iraq,2008,4.589844704,0.385769367
Iraq,2009,4.775316715,0.431467623
Iraq,2010,5.065462112,0.419064105
Iraq,2011,4.725366116,0.347414047
Iraq,2012,4.659508705,0.314564615
Iraq,2013,4.725017071,
Iraq,2014,4.541502476,0.646006584
Iraq,2015,4.493377209,0.599459946
Iraq,2016,4.412537098,0.666160166
Iraq,2017,4.462399006,0.627722025
Ireland,2006,7.144246578,0.943274736
Ireland,2008,7.568029881,0.894108713
Ireland,2009,7.045911312,0.834729671
Ireland,2010,7.257389545,0.85602957
Ireland,2011,7.006904125,0.952034354
Ireland,2012,6.964645386,0.90219456
Ireland,2013,6.760085106,0.883772016
Ireland,2014,7.018379211,0.921629548
Ireland,2015,6.830125332,0.892276943
Ireland,2016,7.04073143,0.874589145
Ireland,2017,7.060155392,0.905341148
Israel,2006,7.173417091,0.816652834
Israel,2007,6.841114998,0.68286407
Israel,2008,7.261261463,0.662969172
Israel,2009,7.352979183,0.592529774
Israel,2010,7.358916283,0.5614779
Israel,2011,7.433147907,0.722269237
Israel,2012,7.110854626,0.681439221
Israel,2013,7.320563316,0.739001632
Israel,2014,7.400570393,0.706974626
Israel,2015,7.07941103,0.752783954
Israel,2016,7.159010887,0.772297323
Israel,2017,7.331036091,0.768076301
Italy,2005,6.853783607,0.802194953
Italy,2007,6.574412346,0.684297025
Italy,2008,6.779774189,0.543076873
Italy,2009,6.333800316,0.700550497
Italy,2010,6.354238033,0.737738907
Italy,2011,6.057086468,0.567738414
Italy,2012,5.839313984,0.570094943
Italy,2013,6.009373665,0.499168754
Italy,2014,6.026585102,0.623531222
Italy,2015,5.847683907,0.574765742
Italy,2016,5.95452404,0.623741627
Italy,2017,6.198870182,0.632843256
Ivory Coast,2009,4.197181702,0.759862185
Ivory Coast,2013,3.739365578,0.739193261
Ivory Coast,2014,3.570368528,0.780773103
Ivory Coast,2015,4.445038795,0.7997455
Ivory Coast,2016,4.542545795,0.768789351
Ivory Coast,2017,5.037734985,0.732097924
Jamaica,2006,6.207881927,0.73823607
Jamaica,2011,5.374446392,0.795613527
Jamaica,2013,5.708886623,0.79319495
Jamaica,2014,5.310538769,0.808973134
Jamaica,2017,5.889759064,0.860676348
Japan,2005,6.515817165,0.867779255
Japan,2007,6.238197803,0.796054125
Japan,2008,5.91067934,0.77207005
Japan,2009,5.844999313,0.729888022
Japan,2010,6.056752682,0.771722376
Japan,2011,6.262793541,0.814396441
Japan,2012,5.968216419,0.752831519
Japan,2013,5.959361553,0.821416557
Japan,2014,5.922620773,0.838051736
Japan,2015,5.879684448,0.831694186
Japan,2016,5.954650879,0.836064637
Japan,2017,5.910676479,0.849396586
Jordan,2005,6.294660091,
Jordan,2007,5.59805727,0.646079123
Jordan,2008,4.930058002,
Jordan,2009,5.999859333,0.770953655
Jordan,2010,5.569942474,0.788073123
Jordan,2011,5.539327621,0.759564519
Jordan,2012,5.131996155,0.693142116
Jordan,2013,5.171952724,0.692227006
Jordan,2014,5.333021641,0.728743196
Jordan,2015,5.404593468,0.766517043
Jordan,2016,5.27128458,0.771350622
Jordan,2017,4.808082581,0.766262472
Kazakhstan,2006,5.475948334,0.730545938
Kazakhstan,2007,5.718553543,0.806299686
Kazakhstan,2008,5.886419773,0.72658366
Kazakhstan,2009,5.382563114,0.856448293
Kazakhstan,2010,5.514286518,0.784851849
Kazakhstan,2011,5.735662937,0.877888083
Kazakhstan,2012,5.759469509,0.839832306
Kazakhstan,2013,5.835483074,0.781591058
Kazakhstan,2014,5.970097542,0.799462974
Kazakhstan,2015,5.949995041,0.740132809
Kazakhstan,2016,5.533551693,0.782805562
Kazakhstan,2017,5.882351398,0.745243967
Kenya,2006,4.223234177,0.615886152
Kenya,2007,4.575657845,0.749842286
Kenya,2008,4.015274525,0.620295763
Kenya,2009,4.270434856,0.583594739
Kenya,2010,4.255859375,0.635457218
Kenya,2011,4.405310154,0.708659172
Kenya,2012,4.547335148,0.627654195
Kenya,2013,3.795383215,0.708332241
Kenya,2014,4.904579639,0.819018543
Kenya,2015,4.357617855,0.792990327
Kenya,2016,4.396127701,0.748508275
Kenya,2017,4.475654125,0.853394389
Kosovo,2007,5.103906155,0.381363839
Kosovo,2008,5.521659851,
Kosovo,2009,5.891432762,0.506415069
Kosovo,2010,5.17660141,0.451443791
Kosovo,2011,4.859501839,0.588978767
Kosovo,2012,5.639588356,0.635793388
Kosovo,2013,6.125758171,0.568463147
Kosovo,2014,5.000375271,0.44139123
Kosovo,2015,5.077460766,0.561048269
Kosovo,2016,5.759412289,0.827398598
Kosovo,2017,6.149199963,0.857676744
Kuwait,2006,6.075547218,0.769072413
Kuwait,2009,6.585246086,0.818781018
Kuwait,2010,6.798151016,0.703019738
Kuwait,2011,6.377699375,0.768603504
Kuwait,2012,6.221094608,0.934049547
Kuwait,2013,6.480031013,0.750524879
Kuwait,2014,6.180138588,
Kuwait,2015,6.146031857,0.821662426
Kuwait,2016,5.947194576,0.840967178
Kuwait,2017,6.093905449,0.884181619
Kyrgyzstan,2006,4.641398907,0.677571654
Kyrgyzstan,2007,4.697761536,0.683523118
Kyrgyzstan,2008,4.736588001,0.719029367
Kyrgyzstan,2009,5.06905365,0.698919952
Kyrgyzstan,2010,4.996410847,0.720051169
Kyrgyzstan,2011,4.921049118,0.747808456
Kyrgyzstan,2012,5.207785606,0.702731669
Kyrgyzstan,2013,5.40242672,0.755036652
Kyrgyzstan,2014,5.252192974,0.736290097
Kyrgyzstan,2015,4.905375957,0.813175857
Kyrgyzstan,2016,4.856534004,0.813939214
Kyrgyzstan,2017,5.629536629,0.859389782
Laos,2006,5.076225758,0.925082147
Laos,2007,5.363854885,0.866524875
Laos,2008,5.044098854,0.886213899
Laos,2011,4.703749657,0.881633818
Laos,2012,4.876084805,
Laos,2017,4.623140812,0.891000748
Latvia,2006,4.70950222,0.640807152
Latvia,2007,4.666971684,0.700174093
Latvia,2008,5.145375252,0.630111456
Latvia,2009,4.668910503,0.437064558
Latvia,2011,4.966811657,0.56446445
Latvia,2012,5.125025272,0.563811779
Latvia,2013,5.069770336,0.630507529
Latvia,2014,5.729115486,0.670653164
Latvia,2015,5.880597591,0.65639317
Latvia,2016,5.940446377,0.685299277
Latvia,2017,5.977817535,0.699520111
Lebanon,2005,5.49124527,0.703205824
Lebanon,2006,4.653103828,0.670193553
Lebanon,2008,4.594851017,0.524062514
Lebanon,2009,5.205998898,0.664733827
Lebanon,2010,5.031899452,0.67763871
Lebanon,2011,5.187571526,0.657106042
Lebanon,2012,4.572566986,0.620627165
Lebanon,2013,4.983288765,0.654868305
Lebanon,2014,5.233025551,0.657207966
Lebanon,2015,5.171971321,0.596749783
Lebanon,2016,5.27072382,0.657357454
Lebanon,2017,5.153989792,0.604554176
Lesotho,2011,4.89751482,0.618259728
Lesotho,2016,3.808204889,0.729489863
Liberia,2007,3.701401234,0.790374219
Liberia,2008,4.221354008,0.724082768
Liberia,2010,4.196063042,0.81900537
Liberia,2014,4.571419239,0.590450883
Liberia,2015,2.701591253,0.671430886
Liberia,2016,3.354676008,0.763476014
Liberia,2017,4.424490929,0.733389914
Libya,2012,5.754394054,0.711518884
Libya,2015,5.615404606,0.774544954
Libya,2016,5.43358326,0.822384834
Libya,2017,5.646852493,0.778695881
Lithuania,2006,5.954442978,0.567254603
Lithuania,2007,5.80828476,0.589662313
Lithuania,2008,5.553925991,0.621060073
Lithuania,2009,5.466920853,0.495955795
Lithuania,2010,5.065824986,0.519352257
Lithuania,2011,5.43243742,0.565797269
Lithuania,2012,5.771037102,0.503027141
Lithuania,2013,5.595689297,0.555815279
Lithuania,2014,6.125723839,0.507947206
Lithuania,2015,5.711378098,0.641470194
Lithuania,2016,5.865552425,0.614239335
Lithuania,2017,6.272940636,0.749307334
Luxembourg,2009,6.957920074,0.939101696
Luxembourg,2010,7.097251892,0.908303082
Luxembourg,2011,7.101400375,0.961830735
Luxembourg,2012,6.964097023,0.916520953
Luxembourg,2013,7.130809307,0.789655447
Luxembourg,2014,6.89112711,0.937987685
Luxembourg,2015,6.701571465,0.932256401
Luxembourg,2016,6.967340946,0.882365346
Luxembourg,2017,7.061380863,0.90282172
Macedonia,2007,4.493598461,0.439399779
Macedonia,2009,4.428021908,0.552173734
Macedonia,2010,4.180202007,0.513183951
Macedonia,2011,4.898180008,0.607463241
Macedonia,2012,4.639647484,0.613055706
Macedonia,2013,5.186190605,0.640952647
Macedonia,2014,5.203825951,0.64474082
Macedonia,2015,4.975589752,0.660318911
Macedonia,2016,5.34574604,0.706179321
Macedonia,2017,5.233866692,0.752106607
Madagascar,2006,3.979751348,
Madagascar,2008,4.640079021,0.332436115
Madagascar,2011,4.381415367,0.545555592
Madagascar,2012,3.550609589,0.487007886
Madagascar,2013,3.815607071,0.479550391
Madagascar,2014,3.675626993,0.528805017
Madagascar,2015,3.592514038,0.544753611
Madagascar,2016,3.663085938,0.569645405
Madagascar,2017,4.078620434,0.570347905
Malawi,2006,3.829868078,0.76714164
Malawi,2007,4.89103651,0.909993827
Malawi,2009,5.148239613,0.879161239
Malawi,2011,3.946062565,0.733463824
Malawi,2012,4.279269695,0.637362719
Malawi,2013,4.035084248,0.751995265
Malawi,2014,4.563080311,0.785766721
Malawi,2015,3.86763835,0.801390707
Malawi,2016,3.476492643,0.809884131
Malawi,2017,3.416862965,0.847920775
Malaysia,2006,6.011716843,0.836765766
Malaysia,2007,6.238904476,0.843627632
Malaysia,2008,5.806781769,0.77956599
Malaysia,2009,5.384701729,0.874319792
Malaysia,2010,5.580281734,0.769190669
Malaysia,2011,5.786367416,0.840359092
Malaysia,2012,5.914283752,0.848071814
Malaysia,2013,5.770199776,0.79131043
Malaysia,2014,5.962921619,0.808384359
Malaysia,2015,6.322121143,0.674594462
Mali,2006,4.014075756,0.555075645
Mali,2008,4.114664078,0.494840056
Mali,2009,3.976598501,0.633815944
Mali,2010,3.762305021,0.749049723
Mali,2011,4.666832924,0.822847605
Mali,2012,4.313016891,0.704219282
Mali,2013,3.676277161,0.664711058
Mali,2014,3.974714279,0.651513875
Mali,2015,4.582098484,0.633753538
Mali,2016,4.016027927,0.696007371
Mali,2017,4.741850376,0.753213346
Malta,2009,6.32763958,0.803179801
Malta,2010,5.77387476,0.802044392
Malta,2011,6.154718399,0.881921828
Malta,2012,5.962872028,0.860689878
Malta,2013,6.379924774,0.909436285
Malta,2014,6.45211792,0.903936625
Malta,2015,6.61339426,0.91217804
Malta,2016,6.590842247,0.916023612
Malta,2017,6.675665855,0.923642933
Mauritania,2007,4.149043083,0.572888374
Mauritania,2008,4.248075008,0.593264878
Mauritania,2009,4.500431538,0.735071182
Mauritania,2010,4.772306919,0.66893059
Mauritania,2011,4.784804344,0.566920221
Mauritania,2012,4.673203945,0.487372756
Mauritania,2013,4.199015141,0.60280025
Mauritania,2014,4.482805252,0.468318135
Mauritania,2015,3.922664165,0.447086573
Mauritania,2016,4.472149372,0.466561466
Mauritania,2017,4.678159714,0.527446806
Mauritius,2011,5.477073193,0.848193765
Mauritius,2014,5.647779942,0.824230313
Mauritius,2016,5.610003471,0.819175661
Mauritius,2017,6.174117565,0.912307501
Mexico,2005,6.580657959,0.813745499
Mexico,2007,6.525378227,0.670430362
Mexico,2008,6.829036236,0.6774773
Mexico,2009,6.962819099,0.682463408
Mexico,2010,6.802388668,0.778120756
Mexico,2011,6.909515381,0.831368089
Mexico,2012,7.320185184,0.787768304
Mexico,2013,7.442546368,0.738716662
Mexico,2014,6.679831028,0.779132903
Mexico,2015,6.236287117,0.719465971
Mexico,2016,6.824172974,0.751613081
Mexico,2017,6.410299301,0.861405134
Moldova,2006,5.102071285,0.554478109
Moldova,2007,4.774918079,0.696194947
Moldova,2008,5.502756119,0.640617132
Moldova,2009,5.554374218,0.550858617
Moldova,2010,5.589736462,0.598484814
Moldova,2011,5.792262554,0.62802279
Moldova,2012,5.995712757,0.602418542
Moldova,2013,5.75605917,0.657734275
Moldova,2014,5.917058468,0.623186231
Moldova,2015,6.017472267,0.595241427
Moldova,2016,5.577784061,0.557369471
Moldova,2017,5.325530529,0.552825212
Mongolia,2007,4.609059334,0.781332672
Mongolia,2008,4.493010044,0.484081417
Mongolia,2010,4.585523605,0.630966604
Mongolia,2011,5.031173706,0.700345695
Mongolia,2012,4.885150433,0.688311696
Mongolia,2013,4.912928104,0.748014033
Mongolia,2014,4.824834824,0.752354145
Mongolia,2015,4.982719898,0.685510755
Mongolia,2016,5.056999683,0.759740949
Mongolia,2017,5.333850384,0.674627423
Montenegro,2007,5.196315289,0.512067258
Montenegro,2009,4.8010602,0.55636555
Montenegro,2010,5.455030441,0.552103698
Montenegro,2011,5.223116875,0.546081364
Montenegro,2012,5.218724251,0.46170637
Montenegro,2013,5.074341774,0.502264977
Montenegro,2014,5.282720566,0.50266552
Montenegro,2015,5.124921322,0.583317339
Montenegro,2016,5.304066181,0.568633676
Montenegro,2017,5.614798546,0.625906289
Morocco,2010,4.383247375,0.662900388
Morocco,2011,5.084972858,0.578930736
Morocco,2012,4.969656467,0.756784618
Morocco,2013,5.142160416,0.571629941
Morocco,2015,5.163156986,0.712933421
Morocco,2016,5.38630724,0.816556096
Morocco,2017,5.312482834,0.814258039
Mozambique,2006,4.594879627,0.684149206
Mozambique,2007,4.832634926,0.643061817
Mozambique,2008,4.65358305,0.514437497
Mozambique,2011,4.971111774,0.639206827
Mozambique,2015,4.549767494,0.813229263
Mozambique,2017,4.279863358,0.822670519
Myanmar,2012,4.438939571,0.691094279
Myanmar,2013,4.175670624,0.775447607
Myanmar,2014,4.786247253,
Myanmar,2015,4.223846436,0.80797106
Myanmar,2016,4.623119831,0.877491176
Myanmar,2017,4.154341698,0.886011839
Namibia,2007,4.885587215,0.78104049
Namibia,2014,4.573991299,0.849354982
Namibia,2017,4.441306114,0.810401857
Nepal,2006,4.566594601,0.689295828
Nepal,2007,4.74828434,0.413320839
Nepal,2008,4.440526485,0.617604792
Nepal,2009,4.91686821,0.616153777
Nepal,2010,4.349675179,0.519062638
Nepal,2011,3.809444666,0.524797678
Nepal,2012,4.233244896,0.637778401
Nepal,2013,4.604576588,0.72226578
Nepal,2014,4.975014687,0.711877644
Nepal,2015,4.812436581,0.763447225
Nepal,2016,5.099539757,0.839488447
Nepal,2017,4.736692429,0.84514761
Netherlands,2005,7.463979244,0.901007771
Netherlands,2007,7.451879501,0.896018088
Netherlands,2008,7.631011963,0.883287251
Netherlands,2010,7.501875877,0.921448231
Netherlands,2011,7.563797951,0.92543155
Netherlands,2012,7.470715523,0.877118647
Netherlands,2013,7.406550407,0.918995857
Netherlands,2014,7.32118845,0.910179615
Netherlands,2015,7.324437141,0.903978765
Netherlands,2016,7.540877342,0.907310009
Netherlands,2017,7.458965302,0.920319736
New Zealand,2006,7.305014133,0.932080269
New Zealand,2007,7.604173183,0.878218889
New Zealand,2008,7.38117075,0.893072486
New Zealand,2010,7.223756313,0.917752504
New Zealand,2011,7.190638065,0.934768736
New Zealand,2012,7.249629974,0.901853085
New Zealand,2013,7.280151844,0.944000423
New Zealand,2014,7.305892467,0.931882441
New Zealand,2015,7.418120861,0.941784263
New Zealand,2016,7.225687981,0.926576018
New Zealand,2017,7.32718277,0.942279458
Nicaragua,2006,4.460158348,0.745456338
Nicaragua,2007,4.944090843,0.835559726
Nicaragua,2008,5.103827477,0.790831089
Nicaragua,2009,5.352804661,0.746065021
Nicaragua,2010,5.68669939,0.791773319
Nicaragua,2011,5.385705471,0.778591037
Nicaragua,2012,5.448006153,0.850304902
Nicaragua,2013,5.772274971,0.859149039
Nicaragua,2014,6.275266647,0.817320645
Nicaragua,2015,5.924112797,0.809259176
Nicaragua,2016,6.012739658,0.716534257
Nicaragua,2017,6.476356506,0.922162771
Niger,2006,3.736951828,0.750336349
Niger,2007,4.277402401,0.584067166
Niger,2008,4.235657215,0.648728073
Niger,2009,4.267169952,0.880042136
Niger,2010,4.101016045,0.817219734
Niger,2011,4.555829525,0.779515266
Niger,2012,3.798088312,0.734430909
Niger,2013,3.716329813,0.825387061
Niger,2014,4.180943489,0.687634289
Niger,2015,3.671453714,0.728128314
Niger,2016,4.234645844,0.701927304
Niger,2017,4.615673542,0.68355757
Nigeria,2006,4.709745884,0.649139762
Nigeria,2007,4.890419483,0.635073245
Nigeria,2008,4.938560486,0.584221542
Nigeria,2009,4.980220318,0.53672111
Nigeria,2010,4.760275841,0.565351069
Nigeria,2012,5.492954254,0.651688874
Nigeria,2013,4.81786871,0.621587694
Nigeria,2015,4.932914734,0.680470288
Nigeria,2016,5.219567776,0.797690511
Nigeria,2017,5.321928024,0.825905561
North Cyprus,2012,5.463305473,0.692567647
North Cyprus,2013,5.566802502,0.775383294
North Cyprus,2014,5.785978794,0.829677284
North Cyprus,2015,5.842550278,0.785352826
North Cyprus,2016,5.827127934,0.796233833
Norway,2006,7.415682316,0.959532738
Norway,2008,7.632287502,0.947288871
Norway,2012,7.678277016,0.946565866
Norway,2014,7.444470882,0.956316173
Norway,2015,7.603433609,0.947620511
Norway,2016,7.596331596,0.954352319
Norway,2017,7.578744888,0.953016818
Oman,2011,6.852982044,0.916293025
Pakistan,2005,5.224657536,0.629995883
Pakistan,2007,5.671460629,0.395642221
Pakistan,2008,4.413918972,0.335223645
Pakistan,2009,5.208146572,0.387697667
Pakistan,2010,5.786132813,0.364205927
Pakistan,2011,5.267186165,0.375822634
Pakistan,2012,5.131565094,0.366844118
Pakistan,2013,5.138082504,0.447909594
Pakistan,2014,5.435657978,0.543138504
Pakistan,2015,4.823194981,0.586546242
Pakistan,2016,5.548508167,0.634182811
Pakistan,2017,5.830870628,0.712657094
Palestinian Territories,2006,4.716387749,0.546506464
Palestinian Territories,2007,4.151053905,0.365296155
Palestinian Territories,2008,4.385603428,0.357756525
Palestinian Territories,2009,4.470191479,0.467811942
Palestinian Territories,2010,4.702603817,0.504262269
Palestinian Territories,2011,4.751219749,0.521889269
Palestinian Territories,2012,4.646608353,0.541582882
Palestinian Territories,2013,4.844027996,0.453903377
Palestinian Territories,2014,4.721938133,0.657049835
Palestinian Territories,2015,4.695239067,0.556040943
Palestinian Territories,2016,4.906618118,0.607669413
Palestinian Territories,2017,4.62813282,0.631611288
Panama,2006,6.127988338,0.882047236
Panama,2007,6.894139767,0.640218794
Panama,2008,6.930903435,0.707384586
Panama,2009,7.033740044,0.721393645
Panama,2010,7.3214674,0.754523695
Panama,2011,7.24808073,0.829012871
Panama,2012,6.859835625,0.783182502
Panama,2013,6.86648035,0.811337948
Panama,2014,6.631171227,0.893915117
Panama,2015,6.605550289,0.846669197
Panama,2016,6.117638111,0.884479761
Panama,2017,6.567658901,0.899573505
Paraguay,2006,4.730082035,0.691021681
Paraguay,2007,5.272461414,0.698987842
Paraguay,2008,5.570061684,0.649068773
Paraguay,2009,5.576147079,0.717870176
Paraguay,2010,5.841174126,0.726262391
Paraguay,2011,5.677080631,0.665864289
Paraguay,2012,5.820058346,0.748206615
Paraguay,2013,5.936240673,0.908905864
Paraguay,2014,5.118641853,0.759396434
Paraguay,2015,5.559724331,0.806124747
Paraguay,2016,5.801380157,0.853534281
Peru,2006,4.810845375,0.667579174
Peru,2007,5.213962078,0.638496518
Peru,2008,5.129230976,0.637672365
Peru,2009,5.518846989,0.638375103
Peru,2010,5.612785339,0.756706417
Peru,2011,5.892457485,0.772759497
Peru,2012,5.824557304,0.703000546
Peru,2013,5.782557487,0.703041255
Peru,2014,5.865815639,0.722352386
Peru,2015,5.577263355,0.802269042
Peru,2016,5.700628757,0.829843879
Peru,2017,5.710936546,0.826552153
Philippines,2006,4.669945717,0.828273118
Philippines,2007,5.073562145,0.851566434
Philippines,2008,4.589065075,0.860842586
Philippines,2009,4.879910946,0.87360549
Philippines,2010,4.941514015,0.893350542
Philippines,2011,4.993956566,0.882837474
Philippines,2012,5.001965046,0.914499581
Philippines,2013,4.976925373,0.907458425
Philippines,2014,5.312550068,0.902185738
Philippines,2015,5.547489166,0.911533594
Philippines,2016,5.430832863,0.907595754
Philippines,2017,5.594270229,0.925703108
Poland,2005,5.587209225,0.782473147
Poland,2007,5.886137486,0.772223353
Poland,2009,5.772027493,0.820649087
Poland,2010,5.887029648,0.794900477
Poland,2011,5.646204948,0.868148923
Poland,2012,5.87593174,0.811301708
Poland,2013,5.746131897,0.775931358
Poland,2014,5.750282288,0.875357091
Poland,2015,6.007021904,0.793462157
Poland,2016,6.162076473,0.870707512
Poland,2017,6.201268196,0.830842614
Portugal,2006,5.405246258,0.882068098
Portugal,2008,5.716966629,0.646464109
Portugal,2010,5.094525814,0.721036375
Portugal,2011,5.219997883,0.875092566
Portugal,2012,4.993962288,0.773821414
Portugal,2013,5.157688141,0.78803277
Portugal,2014,5.12691164,0.846810102
Portugal,2015,5.080866337,0.800440311
Portugal,2016,5.446637154,0.83806932
Portugal,2017,5.711499214,0.905065656
Qatar,2009,6.417824268,0.864991903
Qatar,2010,6.849652767,
Qatar,2011,6.591604233,0.904687464
Qatar,2012,6.611298561,0.924333632
Qatar,2015,6.374529362,
Romania,2005,5.048648357,0.800120592
Romania,2007,5.393723965,0.685747743
Romania,2009,5.367565155,0.60582763
Romania,2010,4.909165859,0.565536737
Romania,2011,5.02275753,0.650402188
Romania,2012,5.166874886,0.644536138
Romania,2013,5.081584454,0.654542148
Romania,2014,5.726893425,0.754235506
Romania,2015,5.777491093,0.795847714
Romania,2016,5.96887064,0.8217206
Romania,2017,6.089904785,0.838586688
Russia,2006,4.963742733,0.643388212
Russia,2007,5.222867489,0.592569709
Russia,2008,5.61875391,0.642778277
Russia,2009,5.158227921,0.61711514
Russia,2010,5.384773254,0.613159001
Russia,2011,5.388766289,0.625847578
Russia,2012,5.620735645,0.609104156
Russia,2013,5.537177563,0.661185563
Russia,2014,6.036976814,0.744332075
Russia,2015,5.995538712,0.685454726
Russia,2016,5.85494566,0.713606298
Russia,2017,5.578742981,0.73087424
Rwanda,2006,4.21470356,0.915480852
Rwanda,2008,4.362988949,0.752293468
Rwanda,2009,4.029761791,0.765569031
Rwanda,2011,4.097435951,0.829036176
Rwanda,2012,3.333047867,0.835491359
Rwanda,2013,3.466387749,0.904272258
Rwanda,2014,3.595678329,0.894025266
Rwanda,2015,3.483108997,0.907892346
Rwanda,2016,3.332989931,0.910736382
Saudi Arabia,2005,7.079644203,
Saudi Arabia,2007,7.266694069,0.622070193
Saudi Arabia,2008,6.811370373,0.531811953
Saudi Arabia,2009,6.14759016,0.639405668
Saudi Arabia,2010,6.307098389,0.677777231
Saudi Arabia,2011,6.699789524,0.603455663
Saudi Arabia,2012,6.396359444,0.560455382
Saudi Arabia,2013,6.495132923,0.661042333
Saudi Arabia,2014,6.27837801,0.762251675
Saudi Arabia,2015,6.345491886,0.820207238
Saudi Arabia,2016,6.473921299,0.774267733
Saudi Arabia,2017,6.294282436,0.814142168
Senegal,2006,4.417352676,0.735723555
Senegal,2007,4.679986954,0.698005259
Senegal,2008,4.683499813,0.61187619
Senegal,2009,4.335114002,0.556838155
Senegal,2010,4.372156143,0.777262628
Senegal,2011,3.834201574,0.6408903
Senegal,2012,3.668736935,0.668252289
Senegal,2013,3.647367001,0.635539532
Senegal,2014,4.394777298,0.692353189
Senegal,2015,4.61700058,0.719533265
Senegal,2016,4.59453392,0.743729651
Senegal,2017,4.683024883,0.686937034
Serbia,2007,4.750383854,0.452781171
Serbia,2009,4.380311966,0.372881293
Serbia,2010,4.461304188,0.462647259
Serbia,2011,4.815186501,0.440458298
Serbia,2012,5.154521942,0.460574687
Serbia,2013,5.101840496,0.532839715
Serbia,2014,5.112728596,0.531597257
Serbia,2015,5.317685127,0.545892
Serbia,2016,5.752754688,0.614370823
Serbia,2017,5.122031212,0.684846342
Sierra Leone,2006,3.628185034,0.679001093
Sierra Leone,2007,3.585127354,0.720373392
Sierra Leone,2008,2.997251034,0.716396332
Sierra Leone,2010,4.133955956,0.726268828
Sierra Leone,2011,4.501643658,0.769738138
Sierra Leone,2013,4.514291286,0.719510674
Sierra Leone,2014,4.499970436,0.681497633
Sierra Leone,2015,4.908617973,0.624296129
Sierra Leone,2016,4.732953072,0.681202114
Sierra Leone,2017,4.089562416,0.710613549
Singapore,2006,6.462702751,0.756873548
Singapore,2007,6.833754539,0.866892278
Singapore,2008,6.641956806,0.660659015
Singapore,2009,6.144676685,0.77638185
Singapore,2010,6.531401634,0.846184611
Singapore,2011,6.561041832,0.821816325
Singapore,2013,6.53320694,0.827102542
Singapore,2014,7.062364578,0.834887624
Singapore,2015,6.619524956,0.886890888
Singapore,2016,6.033480644,0.903735638
Singapore,2017,6.378437996,0.926127851
Slovakia,2006,5.264676571,0.542479694
Slovakia,2010,6.052223206,0.635757685
Slovakia,2011,5.945048332,0.727163136
Slovakia,2012,5.91105938,0.620004296
Slovakia,2013,5.936527252,0.597935796
Slovakia,2014,6.1388731,0.634791732
Slovakia,2015,6.162004471,0.587157667
Slovakia,2016,5.993163109,0.700098515
Slovakia,2017,6.365509033,0.714224696
Slovenia,2006,5.811264515,0.935824215
Slovenia,2009,5.830160618,0.895956635
Slovenia,2010,6.082555294,0.895522416
Slovenia,2011,6.035964012,0.907440901
Slovenia,2012,6.062891006,0.904386282
Slovenia,2013,5.974888802,0.890059829
Slovenia,2014,5.678395271,0.887747705
Slovenia,2015,5.740642071,0.896007299
Slovenia,2016,5.936821461,0.903551102
Slovenia,2017,6.166837692,0.920862675
Somalia,2014,5.528272629,0.873878837
Somalia,2015,5.353644848,0.967869282
Somalia,2016,4.667941093,0.917322814
Somaliland region,2009,4.991399765,0.746303976
Somaliland region,2010,4.657363415,0.820181906
Somaliland region,2011,4.930571556,0.858104467
Somaliland region,2012,5.057314396,0.758219004
South Africa,2006,5.083986759,0.648762882
South Africa,2007,5.204454422,0.68998754
South Africa,2008,5.346306801,0.748846471
South Africa,2009,5.218430996,0.739409983
South Africa,2010,4.652428627,0.738905966
South Africa,2011,4.930511475,0.835448027
South Africa,2012,5.133887768,0.590144992
South Africa,2013,3.660727262,0.714169025
South Africa,2014,4.828456402,0.794030964
South Africa,2015,4.887325764,0.862449408
South Africa,2016,4.769739628,0.774136424
South Africa,2017,4.513655186,0.787427902
South Korea,2006,5.332177639,0.71524173
South Korea,2007,5.76727581,0.655827999
South Korea,2008,5.389624596,0.52367878
South Korea,2009,5.647689819,0.600165665
South Korea,2010,6.116024494,0.676652968
South Korea,2011,6.946599007,0.68235606
South Korea,2012,6.003286839,0.61839807
South Korea,2013,5.958809853,0.641884267
South Korea,2014,5.801325321,0.623193622
South Korea,2015,5.780211449,0.61584878
South Korea,2016,5.970564365,0.590956032
South Korea,2017,5.873887062,0.538113713
South Sudan,2014,3.831992388,0.567259312
South Sudan,2015,4.070771217,0.511631012
South Sudan,2016,2.888112307,0.439919025
South Sudan,2017,2.816622496,0.456011087
Spain,2005,7.152785778,0.916164696
Spain,2007,6.994614601,0.78208214
Spain,2008,7.294472694,0.83378607
Spain,2009,6.198601246,0.748514712
Spain,2010,6.188262463,0.796495557
Spain,2011,6.518249035,0.818650901
Spain,2012,6.290690422,0.754586101
Spain,2013,6.150027275,0.759356439
Spain,2014,6.456477642,0.738472342
Spain,2015,6.380663395,0.73200047
Spain,2016,6.318612099,0.768173754
Spain,2017,6.230173111,0.755560756
Sri Lanka,2006,4.344610691,0.723847628
Sri Lanka,2007,4.414805412,0.735852897
Sri Lanka,2008,4.430846214,0.833835602
Sri Lanka,2009,4.212026596,0.798871219
Sri Lanka,2010,3.976905107,0.738208532
Sri Lanka,2011,4.180569172,0.82263726
Sri Lanka,2012,4.224593163,0.800397217
Sri Lanka,2013,4.364694118,0.834020317
Sri Lanka,2014,4.267932892,0.867936432
Sri Lanka,2015,4.611606598,0.902074754
Sri Lanka,2017,4.330945492,0.827077389
Sudan,2009,4.454917431,0.70997864
Sudan,2010,4.435159683,0.648155332
Sudan,2011,4.314456463,0.582538784
Sudan,2012,4.550499439,0.411947906
Sudan,2014,4.138672829,0.3900958
Suriname,2012,6.269286633,0.885488451
Swaziland,2011,4.867091179,0.60715723
Sweden,2005,7.376315594,0.964395404
Sweden,2007,7.241362572,0.90996182
Sweden,2008,7.51599741,0.911609292
Sweden,2009,7.265977383,0.864004612
Sweden,2010,7.496018887,0.904699981
Sweden,2011,7.382232189,0.941115439
Sweden,2012,7.560147762,0.944382191
Sweden,2013,7.434010506,0.935910523
Sweden,2014,7.239147663,0.945273399
Sweden,2015,7.28892231,0.935072064
Sweden,2016,7.368744373,0.918036401
Sweden,2017,7.286804676,0.934582114
Switzerland,2006,7.473252773,0.91895771
Switzerland,2009,7.524520874,0.891277194
Switzerland,2012,7.776208878,0.945428014
Switzerland,2014,7.492803574,0.949401438
Switzerland,2015,7.572136879,0.927802444
Switzerland,2016,7.458519936,0.933947086
Switzerland,2017,7.473593235,0.924996912
Syria,2008,5.32333231,0.66075325
Syria,2009,4.978970528,0.74825877
Syria,2010,4.464707851,0.647047997
Syria,2011,4.037889481,0.530432761
Syria,2012,3.164491177,0.466770619
Syria,2013,2.687552929,0.45488289
Syria,2015,3.46191287,0.448270857
Taiwan Province of China,2006,6.189050198,0.629909635
Taiwan Province of China,2008,5.547682285,0.641715348
Taiwan Province of China,2010,6.228530884,0.676587284
Taiwan Province of China,2011,6.308915138,0.761488199
Taiwan Province of China,2012,6.125916958,0.698195159
Taiwan Province of China,2013,6.340344429,0.690070868
Taiwan Province of China,2014,6.36349678,0.692899764
Taiwan Province of China,2015,6.450088024,0.700810492
Taiwan Province of China,2016,6.512850761,0.718925178
Taiwan Province of China,2017,6.359450817,0.75965476
Tajikistan,2006,4.613099098,0.701759934
Tajikistan,2007,4.431608677,0.818355024
Tajikistan,2008,5.063986778,0.815954745
Tajikistan,2009,4.575174809,0.743786514
Tajikistan,2010,4.380636215,0.78449589
Tajikistan,2011,4.262671471,0.776179969
Tajikistan,2012,4.496571541,0.749034524
Tajikistan,2013,4.966521263,0.693119764
Tajikistan,2014,4.896157742,0.852732241
Tajikistan,2015,5.124210835,0.84654212
Tajikistan,2016,5.103721142,0.703026891
Tajikistan,2017,5.829234123,0.832002461
Tanzania,2006,3.922484159,0.786858559
Tanzania,2007,4.317949772,0.715832293
Tanzania,2008,4.384741783,0.562211752
Tanzania,2009,3.407507896,0.606549144
Tanzania,2010,3.229129076,0.597121656
Tanzania,2011,4.073562145,0.73603034
Tanzania,2012,4.006897449,0.577453315
Tanzania,2013,3.852394819,0.654182136
Tanzania,2014,3.483278513,0.654125094
Tanzania,2015,3.660597324,0.758684695
Tanzania,2016,2.90273428,0.77548492
Tanzania,2017,3.347121239,0.800495505
Thailand,2006,5.88543272,0.863195002
Thailand,2007,5.783891201,0.870159268
Thailand,2008,5.636471272,0.867833734
Thailand,2009,5.475645065,0.868223727
Thailand,2010,6.216702938,0.859636426
Thailand,2011,6.663609028,0.92688185
Thailand,2012,6.300235271,0.846932828
Thailand,2013,6.231024742,0.781081975
Thailand,2014,6.985463619,0.899846315
Thailand,2015,6.201762676,0.884916544
Thailand,2016,6.07363987,0.924145699
Thailand,2017,5.938895226,0.922896802
Togo,2006,3.202429295,0.628228486
Togo,2008,2.807855129,0.286814392
Togo,2011,2.936220884,0.584088326
Togo,2014,2.83895874,0.663193226
Togo,2015,3.768301964,0.771577239
Togo,2016,3.878578424,0.730286777
Togo,2017,4.360805035,0.716694415
Trinidad and Tobago,2006,5.832188606,0.840088725
Trinidad and Tobago,2008,6.696444035,0.838140428
Trinidad and Tobago,2011,6.518745899,0.775391877
Trinidad and Tobago,2013,6.167706966,0.846941471
Trinidad and Tobago,2017,6.191859722,0.859140456
Tunisia,2009,5.025470257,0.781496286
Tunisia,2010,5.130520821,0.623592854
Tunisia,2011,4.87648201,0.603123665
Tunisia,2012,4.463531017,0.567737222
Tunisia,2013,5.245604992,0.536287725
Tunisia,2014,4.763594627,0.588934243
Tunisia,2015,5.131611824,0.711373389
Tunisia,2016,4.521453381,0.614438355
Tunisia,2017,4.124342918,0.477956653
Turkey,2005,4.718733788,0.623114944
Turkey,2007,5.623471737,0.459311515
Turkey,2008,5.118231773,0.415497869
Turkey,2009,5.212841511,0.455817074
Turkey,2010,5.490347385,0.514920354
Turkey,2011,5.271944046,0.445606649
Turkey,2012,5.309076309,0.470903218
Turkey,2013,4.888177395,0.540723383
Turkey,2014,5.579794407,0.649196088
Turkey,2015,5.514465332,0.653196752
Turkey,2016,5.326221943,0.64414674
Turkey,2017,5.607262135,0.644434214
Turkmenistan,2009,6.567713261,
Turkmenistan,2011,5.791754723,
Turkmenistan,2012,5.463827133,0.78556335
Turkmenistan,2013,5.391762733,0.704529464
Turkmenistan,2014,5.787379265,0.804678082
Turkmenistan,2015,5.791460037,0.701358378
Turkmenistan,2016,5.887051582,0.7485044
Turkmenistan,2017,5.229148865,0.720399201
Uganda,2006,3.733583927,0.746722817
Uganda,2007,4.45583868,0.707960546
Uganda,2008,4.568619251,0.577933729
Uganda,2009,4.611985683,0.760231495
Uganda,2010,4.192882061,0.800667286
Uganda,2011,4.826001167,0.732973993
Uganda,2012,4.309237957,0.649463236
Uganda,2013,3.709578753,0.76302135
Uganda,2014,3.769919157,0.834174395
Uganda,2015,4.237686634,0.757835329
Uganda,2016,4.233261108,0.739409745
Uganda,2017,4.000516891,0.772344112
Ukraine,2006,4.803954124,0.623814106
Ukraine,2007,5.25218153,0.493922472
Ukraine,2008,5.172380447,0.486626983
Ukraine,2009,5.1656394,0.460348487
Ukraine,2010,5.057561398,0.483833194
Ukraine,2011,5.083132744,0.57866931
Ukraine,2012,5.030342102,0.563649774
Ukraine,2013,4.710802555,0.568715692
Ukraine,2014,4.297329903,0.533267498
Ukraine,2015,3.964542866,0.43059203
Ukraine,2016,4.028690338,0.5025419
Ukraine,2017,4.311067104,0.598875523
United Arab Emirates,2006,6.734221935,0.89755702
United Arab Emirates,2009,6.866062641,0.848821878
United Arab Emirates,2010,7.097455502,0.877750754
United Arab Emirates,2011,7.118701458,0.889463484
United Arab Emirates,2012,7.217766762,0.919792593
United Arab Emirates,2013,6.620951176,0.93597883
United Arab Emirates,2014,6.539854527,
United Arab Emirates,2015,6.568397522,0.915036201
United Arab Emirates,2016,6.83095026,0.949119508
United Arab Emirates,2017,7.039419651,0.962016642
United Kingdom,2005,6.983556747,0.922354519
United Kingdom,2007,6.801930904,0.83833164
United Kingdom,2008,6.986463547,0.759144187
United Kingdom,2009,6.90654707,0.816228807
United Kingdom,2010,7.029364109,0.841306746
United Kingdom,2011,6.869248867,0.899774432
United Kingdom,2012,6.880784035,0.888970494
United Kingdom,2013,6.918055058,0.905278027
United Kingdom,2014,6.758147717,0.85703969
United Kingdom,2015,6.515445232,0.832926095
United Kingdom,2016,6.8242836,0.821192145
United Kingdom,2017,7.103273392,0.812733293
United States,2006,7.18179369,0.911496103
United States,2007,7.512687683,0.871903777
United States,2008,7.280385971,0.877956271
United States,2009,7.158032417,0.830683827
United States,2010,7.16361618,0.828044355
United States,2011,7.115138531,0.863202393
United States,2012,7.026226997,0.822662294
United States,2013,7.249285221,0.79225564
United States,2014,7.151114464,0.866076887
United States,2015,6.863946915,0.848753452
United States,2016,6.803599834,0.757893085
United States,2017,6.9917593,0.868496716
Uruguay,2006,5.785868168,0.806579232
Uruguay,2007,5.693945885,0.786248624
Uruguay,2008,5.663869858,0.807930231
Uruguay,2009,6.296222687,0.82504946
Uruguay,2010,6.062010765,0.832241356
Uruguay,2011,6.554047108,0.851441562
Uruguay,2012,6.449728489,0.870590031
Uruguay,2013,6.444464684,0.888278008
Uruguay,2014,6.561443806,0.904332876
Uruguay,2015,6.628080368,0.916879654
Uruguay,2016,6.171485424,0.886371911
Uruguay,2017,6.336009979,0.897851646
Uzbekistan,2006,5.232322216,0.784301162
Uzbekistan,2008,5.311368465,0.831268847
Uzbekistan,2009,5.26072073,
Uzbekistan,2010,5.095342159,
Uzbekistan,2011,5.738744259,0.934132695
Uzbekistan,2012,6.019331932,0.913550138
Uzbekistan,2013,5.939986229,0.949539959
Uzbekistan,2014,6.049212456,0.954481184
Uzbekistan,2015,5.972364426,0.979937136
Uzbekistan,2016,5.892539024,0.983803034
Uzbekistan,2017,6.421447754,0.985177755
Venezuela,2005,7.169620991,0.838198006
Venezuela,2006,6.525146008,0.798280835
Venezuela,2008,6.257771492,0.678400517
Venezuela,2009,7.188803196,0.676885664
Venezuela,2010,7.47845459,0.768256962
Venezuela,2011,6.579789162,0.766335011
Venezuela,2012,7.066577435,0.80410856
Venezuela,2013,6.552796364,0.64196521
Venezuela,2014,6.136096478,0.569961905
Venezuela,2015,5.568800449,0.512159348
Venezuela,2016,4.041114807,0.457601577
Vietnam,2006,5.293659687,0.885792136
Vietnam,2007,5.421687603,0.917835951
Vietnam,2008,5.480425358,0.888624668
Vietnam,2009,5.304264545,0.834133863
Vietnam,2010,5.295780659,0.831494451
Vietnam,2011,5.767344475,0.818404377
Vietnam,2012,5.53456974,0.856053472
Vietnam,2013,5.022698879,0.91960746
Vietnam,2014,5.084923267,
Vietnam,2015,5.076315403,
Vietnam,2016,5.062267303,0.894351125
Vietnam,2017,5.175278664,
Yemen,2007,4.477132797,0.672685325
Yemen,2009,4.809258938,0.644228697
Yemen,2010,4.35031271,0.659283996
Yemen,2011,3.746255636,0.638210595
Yemen,2012,4.060600758,0.705815315
Yemen,2013,4.217678547,0.542547464
Yemen,2014,3.967957973,0.66390872
Yemen,2015,2.982673883,0.609980762
Yemen,2016,3.825630903,0.532964051
Yemen,2017,3.253560066,0.595190763
Zambia,2006,4.824454784,0.720971525
Zambia,2007,3.998293161,0.682005048
Zambia,2008,4.730263233,0.716993749
Zambia,2009,5.260360718,0.696183026
Zambia,2011,4.99911356,0.662850082
Zambia,2012,5.013374805,0.787760317
Zambia,2013,5.243995667,0.769912362
Zambia,2014,4.345837116,0.811824918
Zambia,2015,4.843164444,0.758653641
Zambia,2016,4.347543716,0.811574519
Zambia,2017,3.932777405,0.823168576
Zimbabwe,2006,3.826268435,0.431110412
Zimbabwe,2007,3.280246735,0.455957234
Zimbabwe,2008,3.174263716,0.343556046
Zimbabwe,2009,4.055914402,0.411089182
Zimbabwe,2010,4.681569576,0.664718211
Zimbabwe,2011,4.845641613,0.632977962
Zimbabwe,2012,4.955100536,0.469531178
Zimbabwe,2013,4.690187931,0.575884283
Zimbabwe,2014,4.184450626,0.642033815
Zimbabwe,2015,3.70319128,0.667193294
Zimbabwe,2016,3.7354002,0.732971489
Zimbabwe,2017,3.63830018,0.752826095